id,title,author,content,contact_info,lead_type,confidence,needs,url,source,qualified_at
lead_001,Help needed with Express Entry,john_tech,"Hi everyone! I'm a software engineer from India with 5 years of experience. I've been offered a job in Toronto and need guidance on Express Entry. Email: john.tech@gmail.com",john.tech@gmail.com,job_seeker,0.92,"visa_guidance,documentation,timeline",https://reddit.com/r/canadaimmigration/comments/001,reddit,2024-01-15T10:30:00
lead_002,Sponsoring parents to Canada,maria_sponsor,"My parents are in the Philippines and want to immigrate to Canada. What's the sponsorship process? Contact me at maria.sponsor@hotmail.com for more details.",maria.sponsor@hotmail.com,family_sponsorship,0.88,"sponsorship_process,requirements,costs",https://reddit.com/r/canadaimmigration/comments/002,reddit,2024-01-15T10:35:00
lead_003,Study permit application query,alex_student,"I've been accepted to UBC for my Master's degree. I'm from Pakistan and need help with my study permit application. Email: alex.student@outlook.com",alex.student@outlook.com,student,0.85,"study_permit,financial_documents,sop",https://reddit.com/r/canadaimmigration/comments/003,reddit,2024-01-15T10:40:00
lead_004,Starting business in Canada,priya_entrepreneur,"I want to start a tech startup in Vancouver. What are the business immigration options available? Please reach out: priya.business@gmail.com",priya.business@gmail.com,entrepreneur,0.79,"business_visa,startup_funding,registration",https://reddit.com/r/canadaimmigration/comments/004,reddit,2024-01-15T10:45:00
lead_005,PR application assistance needed,kumar_pr,"Just received my Invitation to Apply! Need help with the final PR application. Contact: kumar.migration@gmail.com",kumar.migration@gmail.com,general_inquiry,0.81,"ita_support,documents_compilation,timeline",https://reddit.com/r/canadaimmigration/comments/005,reddit,2024-01-15T10:50:00
lead_006,Work permit extension query,sophia_worker,"My work permit is expiring soon and I want to extend it. I'm currently employed at a tech company in Calgary. Email: sophia.work@gmail.com for details.",sophia.work@gmail.com,job_seeker,0.87,"work_permit_extension,lmia_assessment,timeline",https://reddit.com/r/canadaimmigration/comments/006,reddit,2024-01-15T10:55:00
lead_007,Residency status clarification,ravi_resident,"I'm a permanent resident but confused about some benefits. Can someone clarify? Contact: ravi.resident@hotmail.com",ravi.resident@hotmail.com,general_inquiry,0.73,"pr_benefits,healthcare,taxation",https://reddit.com/r/canadaimmigration/comments/007,reddit,2024-01-15T11:00:00
lead_008,Language test requirements,luna_language,"Planning to apply for Canada but not sure about English language requirements for Express Entry. Reach out: luna.language@gmail.com",luna.language@gmail.com,job_seeker,0.82,"language_test,ielts_preparation,scoring",https://reddit.com/r/canadaimmigration/comments/008,reddit,2024-01-15T11:05:00
lead_009,Caregiver program inquiry,amara_caregiver,"Interested in the Canadian caregiver program. Looking for guidance on the application process. Email: amara.care@gmail.com",amara.care@gmail.com,job_seeker,0.76,"caregiver_program,requirements,process",https://reddit.com/r/canadaimmigration/comments/009,reddit,2024-01-15T11:10:00
lead_010,Provincial Nominee Program options,david_provincial,"I'm interested in provincial sponsorship through PNP. Which provinces suit my profile? Contact: david.pnp@outlook.com",david.pnp@outlook.com,job_seeker,0.89,"pnp_assessment,provincial_options,requirements",https://reddit.com/r/canadaimmigration/comments/010,reddit,2024-01-15T11:15:00
lead_011,Credential evaluation for PR,mia_credentials,"I have a degree from the UK but need credential evaluation for Canadian PR. Can I get help? Email: mia.eval@gmail.com",mia.eval@gmail.com,job_seeker,0.84,"credential_evaluation,wes_assessment,career_alignment",https://reddit.com/r/canadaimmigration/comments/011,reddit,2024-01-15T11:20:00
lead_012,Pathway for nurses to Canada,nina_nurse,"I'm a registered nurse from the Philippines wanting to work in Canada. What's the pathway? Contact: nina.nurse@hotmail.com",nina.nurse@hotmail.com,job_seeker,0.91,"credential_recognition,licensing,job_offers",https://reddit.com/r/canadaimmigration/comments/012,reddit,2024-01-15T11:25:00
lead_013,International student to PR,james_student_pr,"Completed my studies in Canada and want to stay. What are my options? Email: james.grad@gmail.com",james.grad@gmail.com,student,0.88,"post_graduation_work_permit,pr_eligibility,timeline",https://reddit.com/r/canadaimmigration/comments/013,reddit,2024-01-15T11:30:00
lead_014,Spousal sponsorship process,emma_spouse,"My Canadian spouse wants to sponsor me. What's the process and timeline? Reach out: emma.spouse@gmail.com",emma.spouse@gmail.com,family_sponsorship,0.90,"spousal_sponsorship,documentation,timeline",https://reddit.com/r/canadaimmigration/comments/014,reddit,2024-01-15T11:35:00
lead_015,Self-employed professional immigration,oscar_freelance,"I'm a freelance graphic designer wanting to move to Canada. Can I sponsor myself? Email: oscar.freelance@gmail.com",oscar.freelance@gmail.com,entrepreneur,0.80,"self_employment,business_plan,financial_proof",https://reddit.com/r/canadaimmigration/comments/015,reddit,2024-01-15T11:40:00
